Workbook

Sheet Summary
A1: Property | B1: Current | C1: Past | D1: Future | E1: Total
A2: 1127 Blackwell | B2: =COUNTIFS(Tenants!$C$2:$C$369,$A2,Tenants!$I$2:$I$369,B$1) -> 1 | C2: =COUNTIFS(Tenants!$C$2:$C$369,$A2,Tenants!$I$2:$I$369,C$1) -> 2 | D2: =COUNTIFS(Tenants!$C$2:$C$369,$A2,Tenants!$I$2:$I$369,D$1) -> 0 | E2: =SUM(B2:D2) -> 3
A3: 1700 Bradford House | B3: =COUNTIFS(Tenants!$C$2:$C$369,$A3,Tenants!$I$2:$I$369,B$1) -> 10 | C3: =COUNTIFS(Tenants!$C$2:$C$369,$A3,Tenants!$I$2:$I$369,C$1) -> 11 | D3: =COUNTIFS(Tenants!$C$2:$C$369,$A3,Tenants!$I$2:$I$369,D$1) -> 0 | E3: =SUM(B3:D3) -> 21
A4: 206 Shafor Street | B4: =COUNTIFS(Tenants!$C$2:$C$369,$A4,Tenants!$I$2:$I$369,B$1) -> 1 | C4: =COUNTIFS(Tenants!$C$2:$C$369,$A4,Tenants!$I$2:$I$369,C$1) -> 1 | D4: =COUNTIFS(Tenants!$C$2:$C$369,$A4,Tenants!$I$2:$I$369,D$1) -> 0 | E4: =SUM(B4:D4) -> 2
A5: 212 Hangar St. | B5: =COUNTIFS(Tenants!$C$2:$C$369,$A5,Tenants!$I$2:$I$369,B$1) -> 2 | C5: =COUNTIFS(Tenants!$C$2:$C$369,$A5,Tenants!$I$2:$I$369,C$1) -> 0 | D5: =COUNTIFS(Tenants!$C$2:$C$369,$A5,Tenants!$I$2:$I$369,D$1) -> 0 | E5: =SUM(B5:D5) -> 2
A6: 410-415 Southblock | B6: =COUNTIFS(Tenants!$C$2:$C$369,$A6,Tenants!$I$2:$I$369,B$1) -> 2 | C6: =COUNTIFS(Tenants!$C$2:$C$369,$A6,Tenants!$I$2:$I$369,C$1) -> 4 | D6: =COUNTIFS(Tenants!$C$2:$C$369,$A6,Tenants!$I$2:$I$369,D$1) -> 0 | E6: =SUM(B6:D6) -> 6
A7: Black Bear Mountains Campsite | B7: =COUNTIFS(Tenants!$C$2:$C$369,$A7,Tenants!$I$2:$I$369,B$1) -> 2 | C7: =COUNTIFS(Tenants!$C$2:$C$369,$A7,Tenants!$I$2:$I$369,C$1) -> 24 | D7: =COUNTIFS(Tenants!$C$2:$C$369,$A7,Tenants!$I$2:$I$369,D$1) -> 5 | E7: =SUM(B7:D7) -> 31
A8: Buckeye Hall | B8: =COUNTIFS(Tenants!$C$2:$C$369,$A8,Tenants!$I$2:$I$369,B$1) -> 14 | C8: =COUNTIFS(Tenants!$C$2:$C$369,$A8,Tenants!$I$2:$I$369,C$1) -> 39 | D8: =COUNTIFS(Tenants!$C$2:$C$369,$A8,Tenants!$I$2:$I$369,D$1) -> 0 | E8: =SUM(B8:D8) -> 53
A9: Clearcreek Condominiums | B9: =COUNTIFS(Tenants!$C$2:$C$369,$A9,Tenants!$I$2:$I$369,B$1) -> 29 | C9: =COUNTIFS(Tenants!$C$2:$C$369,$A9,Tenants!$I$2:$I$369,C$1) -> 16 | D9: =COUNTIFS(Tenants!$C$2:$C$369,$A9,Tenants!$I$2:$I$369,D$1) -> 0 | E9: =SUM(B9:D9) -> 45
A10: Corporate Business Park | B10: =COUNTIFS(Tenants!$C$2:$C$369,$A10,Tenants!$I$2:$I$369,B$1) -> 10 | C10: =COUNTIFS(Tenants!$C$2:$C$369,$A10,Tenants!$I$2:$I$369,C$1) -> 3 | D10: =COUNTIFS(Tenants!$C$2:$C$369,$A10,Tenants!$I$2:$I$369,D$1) -> 0 | E10: =SUM(B10:D10) -> 13
A11: Flagstone Manufactured Housing | B11: =COUNTIFS(Tenants!$C$2:$C$369,$A11,Tenants!$I$2:$I$369,B$1) -> 27 | C11: =COUNTIFS(Tenants!$C$2:$C$369,$A11,Tenants!$I$2:$I$369,C$1) -> 11 | D11: =COUNTIFS(Tenants!$C$2:$C$369,$A11,Tenants!$I$2:$I$369,D$1) -> 0 | E11: =SUM(B11:D11) -> 38
A12: Golden Gate Housing | B12: =COUNTIFS(Tenants!$C$2:$C$369,$A12,Tenants!$I$2:$I$369,B$1) -> 10 | C12: =COUNTIFS(Tenants!$C$2:$C$369,$A12,Tenants!$I$2:$I$369,C$1) -> 6 | D12: =COUNTIFS(Tenants!$C$2:$C$369,$A12,Tenants!$I$2:$I$369,D$1) -> 0 | E12: =SUM(B12:D12) -> 16
A13: Ocean Breeze ABNB | B13: =COUNTIFS(Tenants!$C$2:$C$369,$A13,Tenants!$I$2:$I$369,B$1) -> 1 | C13: =COUNTIFS(Tenants!$C$2:$C$369,$A13,Tenants!$I$2:$I$369,C$1) -> 7 | D13: =COUNTIFS(Tenants!$C$2:$C$369,$A13,Tenants!$I$2:$I$369,D$1) -> 0 | E13: =SUM(B13:D13) -> 8
... A19: Woodlands HOA | B19: =COUNTIFS(Tenants!$C$2:$C$369,$A19,Tenants!$I$2:$I$369,B$1) -> 15 | C19: =COUNTIFS(Tenants!$C$2:$C$369,$A19,Tenants!$I$2:$I$369,C$1) -> 0 | D19: =COUNTIFS(Tenants!$C$2:$C$369,$A19,Tenants!$I$2:$I$369,D$1) -> 0 | E19: =SUM(B19:D19) -> 15
A20: Total | B20: =SUM(B2:B19) -> 207 | C20: =SUM(C2:C19) -> 156 | D20: =SUM(D2:D19) -> 5 | E20: =SUM(E2:E19) -> 368
A22: Source: Rent Manager Tenant Register (class60), read 09/23/2026. Read-only export; no changes made in Rent Manager.

Sheet Tenants
A1: Name | B1: Account # | C1: Property | D1: Unit | E1: Lease Start | F1: Lease End | G1: Email | H1: Phone | I1: Status | J1: Flag
A2: Marcia Clark | B2: 1 | C2: Riverview Apartments | D2: 1 | E2: 45962 | F2: 46323 | G2: m.clark@email.com | H2: (513) 555-4223 | I2: Current
A3: Charlie Apegian | B3: 2 | C3: Wain Manor | D3: Wain | E3: 46204 | F3: 46566 | G3: c.apegian@email.com | H3: (703) 555-9342 | I3: Current
A4: Fred Gregory | B4: 3 | C4: Riverview Apartments | D4: 3 | E4: 45853 | F4: 46217 | G4: fredg@email.com | H4: (703) 555-1405 | I4: Past
A5: Gregory Klein | B5: 4 | C5: Riverview Apartments | D5: 4 | E5: 46023 | F5: 46384 | G5: gklein@email.com | H5: (513) 555-3378 | I5: Current
A6: Kate Welsh | B6: 5 | C6: Riverview Apartments | D6: 6 | E6: 45717 | F6: 46081 | G6: katewelsh@email.com | H6: (703) 555-1305 | I6: Past
A7: Scott Stein | B7: 6 | C7: Riverview Apartments | D7: 7 | E7: 45108 | F7: 45471 | G7: scott.stein@email.com | H7: (703) 555-3871 | I7: Past
A8: Meehee Lee | B8: 7 | C8: Riverview Apartments | D8: 9 | E8: 45992 | F8: 46354 | G8: smart202020@email.com | H8: (513) 555-6230 | I8: Current
A9: Randy Smith | B9: 8 | C9: Riverview Apartments | D9: 10 | E9: 45703 | F9: 46067 | G9: bestdadrandysmith@email.com | H9: (513) 555-6818 | I9: Past
A10: Thomas Randall | B10: 9 | C10: Riverview Apartments | D10: 11 | E10: 45839 | F10: 46201 | G10: thomasthetankrandall@email.com | H10: (513) 555-2442 | I10: Past
A11: Josh Kerr | B11: 10 | C11: Riverview Apartments | D11: 13 | E11: 45474 | F11: 45836 | G11: joshkerr@email.com | H11: (513) 555-6303 | I11: Past
A12: Rina Dutto | B12: 11 | C12: Riverview Apartments | D12: 14 (+1) | E12: 45992 | F12: 46354 | G12: rinadutto@email.com | H12: (513) 555-2783 | I12: Current
A13: Shannon Gregory | B13: 12 | C13: Riverview Apartments | D13: 16 | E13: 44910 | F13: 45274 | G13: sheilamarygrey@email.com | H13: (513) 555-1586 | I13: Past
A14: Tina Hatch | B14: 13 | C14: Riverview Apartments | D14: 17 | E14: 44866 | F14: 45227 | G14: tinahatchtheegg@email.com | H14: (513) 555-1187 | I14: Past
A15: Laura Villa | B15: 14 | C15: Riverview Apartments | D15: 19 | E15: 46174 | F15: 46535 | G15: lvilla@email.com | H15: (513) 555-9028 | I15: Current | J15: Court
A16: Melissa Yeager | B16: 15 | C16: Riverview Apartments | D16: 20 | E16: 45689 | F16: 46050 | G16: missyyeager@email.com | H16: (513) 555-2448 | I16: Past
A17: Mateo Angelini | B17: 16 | C17: Riverview Apartments | D17: 21 | E17: 46082 | F17: 46446 | G17: mateo@email.com | H17: (513) 555-2858 | I17: Current
A18: Walter Van | B18: 17 | C18: Riverview Apartments | D18: 22 | E18: 46204 | F18: 46566 | G18: waltvandelaar@email.com | H18: (513) 555-0314 | I18: Current
A19: Lisa Yang | B19: 18 | C19: Riverview Apartments | D19: 23 | E19: 46204 | F19: 46566 | G19: lisa@email.com | H19: (513) 555-3664 | I19: Current
A20: Roger Mandel | B20: 19 | C20: Riverview Apartments | D20: 24 (+1) | E20: 46296 | F20: 46658 | G20: coldcatchrodger@email.com | H20: (513) 555-5137 | I20: Current
A21: Najwa Kandil | B21: 20 | C21: Riverview Apartments | D21: 25 | E21: 46054 | F21: 46415 | G21: najwa@email.com | H21: (513) 555-4041 | I21: Current
A22: Sterling Maysfield | B22: 21 | C22: Riverview Apartments | D22: 26 | E22: 45197 | F22: 45563 | G22: maysfield@email.com | H22: (513) 555-8651 | I22: Past
A23: Jerry Vechio | B23: 22 | C23: Riverview Apartments | D23: 27 | E23: 46113 | F23: 46474 | G23: jerrythemanvechio@email.com | H23: (703) 555-8482 | I23: Current
A24: Justin Helterbrand | B24: 23 | C24: Riverview Apartments | D24: 28 | E24: 46204 | F24: 46566 | G24: johnnyboy1111@email.com | H24: (513) 555-0764 | I24: Current
A25: Lily Dalton | B25: 24 | C25: Riverview Apartments | D25: 30 | E25: 45108 | F25: 45471 | G25: dalton@email.com | H25: (513) 555-6743 | I25: Past
A26: Patrick O'Malley | B26: 49 | C26: Flagstone Manufactured Housing | D26: Lot #105 (+1) | E26: 45474 | F26: 45836 | G26: patrickomalley@email.com | H26: (513) 555-3004 | I26: Past
A27: Gretchen Rutter | B27: 50 | C27: Flagstone Manufactured Housing | D27: Lot #106 (+1) | E27: 45962 | F27: 46323 | G27: gretchenr@email.com | H27: (513) 555-8181 | I27: Current
... A48: Holly Mckenzie | B48: 72 | C48: 410-415 Southblock | D48: 415S | E48: 45413 | F48: 45775 | G48: hmakenzie@email.com | H48: (703) 555-9286 | I48: Past
A49: Gap, Inc. | B49: 73 | C49: Tri-County Mall | D49: 1 | E49: 44652 | F49: 46474 | G49: info@email.com | H49: 511-555-3620 | I49: Current | J49: Notice
A50: Game Stop | B50: 74 | C50: Tri-County Mall | D50: 2 | E50: 45597 | F50: 47420 | G50: info@email.com | H50: 511-555-8116 | I50: Current
A51: Getz Jewelers | B51: 75 | C51: Tri-County Mall | D51: 3 | E51: 45627 | F51: 46354 | G51: info@email.com | H51: 511-555-2223 | I51: Current
A52: American Eagle | B52: 76 | C52: Tri-County Mall | D52: 4 | E52: 46023 | F52: 47845 | G52: info@email.com | H52: 511-555-3693 | I52: Current
A53: Axel Green | B53: 77 | C53: Buckeye Hall | D53: A | E53: 44972 | F53: 45252 | G53: axelgreen@email.com | H53: 741-555-8924 | I53: Past
A54: Tyler Maxwell | B54: 78 | C54: Buckeye Hall | D54: B | E54: 44972 | F54: 45252 | G54: tylermaxwell@email.com | H54: (354) 555-7511 | I54: Past
A55: Clint Brewer | B55: 79 | C55: Buckeye Hall | D55: C | E55: 44972 | F55: 45252 | G55: clintbrewer@email.com | H55: 885-555-5321 | I55: Past
A56: Raymond Smith | B56: 80 | C56: Buckeye Hall | D56: D | E56: 44972 | F56: 45252 | G56: raysmith@email.com | H56: (731) 555-4711 | I56: Past
A57: Marlon Lucas | B57: 81 | C57: Buckeye Hall | D57: E | E57: 44972 | F57: 45252 | G57: marlonlucas@email.com | H57: (354) 555-1745 | I57: Past
A58: Alexander Briggs | B58: 82 | C58: Buckeye Hall | D58: F | E58: 44972 | F58: 45252 | G58: alexanderbriggs@email.com | H58: 545-555-7414 | I58: Past
A59: Steven Endres | B59: 83 | C59: Buckeye Hall | D59: H | E59: 44972 | F59: 45252 | G59: sendres@email.com | H59: (314) 555-1114 | I59: Past
A60: Maxime Rousseau | B60: 84 | C60: Buckeye Hall | D60: I | E60: 44972 | F60: 45252 | G60: mrousseau@email.com | H60: (314) 555-9741 | I60: Past
A61: Victor Fritz | B61: 85 | C61: Buckeye Hall | D61: J | E61: 44972 | F61: 45252 | G61: vfritz@email.com | H61: (314) 555-6554 | I61: Past
... A90: Sandra White | B90: 114 | C90: Clearcreek Condominiums | D90: CC1140 | E90: 45383 | F90: 45744 | G90: white@email.com | H90: (513) 555-4499 | I90: Past
A91: Alexander Shore | B91: 115 | C91: Clearcreek Condominiums | D91: CC1141 | E91: 46068 | F91: 46432 | G91: ali@email.com | H91: (513) 555-9394 | I91: Current | J91: Notice
A92: Ai Schraeder | B92: 116 | C92: Clearcreek Condominiums | D92: CC1142 | E92: 46023 | F92: 46384 | G92: amos@email.com | H92: (513) 555-2595 | I92: Current
A93: Amos Schomaker | B93: 117 | C93: Clearcreek Condominiums | D93: CC1143 | E93: 45200 | F93: 45563 | G93: tom@email.com | H93: (513) 555-6615 | I93: Past
A94: Tom Rutter | B94: 118 | C94: Clearcreek Condominiums | D94: CC1144 | E94: 45122 | F94: 45487 | G94: ai@email.com | H94: (513) 555-3228 | I94: Past
A95: Kareem Watson | B95: 119 | C95: Clearcreek Condominiums | D95: CC1145 | E95: 46235 | F95: 46596 | G95: watson@email.com | H95: (513) 555-3096 | I95: Current
A96: Craig Rogers | B96: 120 | C96: Clearcreek Condominiums | D96: CC1146 | E96: 45992 | F96: 46354 | G96: craig@email.com | H96: (513) 555-6973 | I96: Current
A97: Jennifer Thompson | B97: 121 | C97: Clearcreek Condominiums | D97: CC1147 | E97: 46023 | F97: 46384 | G97: jennifer@email.com | H97: (513) 555-1959 | I97: Current
A98: Kristian Thompson | B98: 122 | C98: Clearcreek Condominiums | D98: CC1148 | E98: 46006 | F98: 46370 | G98: tompson@email.com | H98: (513) 555-1729 | I98: Current
A99: Woodrow Burke | B99: 123 | C99: Clearcreek Condominiums | D99: CC1149 | E99: 44849 | F99: 45213 | G99: burke@email.com | H99: (513) 555-6089 | I99: Past
A100: Paula Kershaw | B100: 124 | C100: Safe & Secure Storage | D100: SS1E | E100: 44757 | G100: kershaw@email.com | H100: (513) 555-8304 | I100: Current
A101: Tammy Kerber | B101: 125 | C101: Safe & Secure Storage | D101: SS2E | E101: 44910 | G101: kerber@email.com | H101: (513) 555-5246 | I101: Current
A102: Shawna Keller | B102: 126 | C102: Safe & Secure Storage | D102: SS3E | E102: 44788 | G102: keller@email.com | H102: (513) 555-3881 | I102: Current
A103: Dylan Isac | B103: 127 | C103: Safe & Secure Storage | D103: SS4E | E103: 44910 | G103: Dylan@email.com | H103: (513) 555-9323 | I103: Past
A104: Gretta Hughes | B104: 128 | C104: Safe & Secure Storage | D104: SS5E | E104: 44819 | G104: hughes@email.com | H104: (513) 555-8182 | I104: Past
A105: Andy Huber | B105: 129 | C105: Safe & Secure Storage | D105: SS6E | E105: 44910 | G105: huber@email.com | H105: (513) 555-4729 | I105: Current
A106: Johnathan Henault | B106: 130 | C106: Safe & Secure Storage | D106: SS7E | E106: 44880 | G106: henault@email.com | H106: (513) 555-5441 | I106: Current
A107: Kathleen Lewis | B107: 131 | C107: Safe & Secure Storage | D107: SS8E | E107: 44910 | G107: kathy@email.com | H107: (513) 555-4881 | I107: Past
A108: Wyatt Greenberg | B108: 132 | C108: Safe & Secure Storage | D108: SS1N | E108: 44849 | G108: laurie@email.com | H108: (513) 555-6601 | I108: Current
A109: Laurie Greene | B109: 133 | C109: Safe & Secure Storage | D109: SS2N | E109: 44866 | G109: cloreliz@email.com | H109: (513) 555-8051 | I109: Past
A110: Elizabeth Clore | B110: 134 | C110: Safe & Secure Storage | D110: SS3N | E110: 44910 | G110: clore@email.com | H110: (513) 555-9213 | I110: Current
A111: Palmer Reach | B111: 135 | C111: Safe & Secure Storage | D111: SS4N | E111: 44819 | G111: reach@emai.com | H111: (513) 555-3396 | I111: Current
... A119: Jennifer Dae | B119: 143 | C119: Safe & Secure Storage | D119: SS5S | E119: 44910 | G119: daeseethis@email.com | H119: (513) 555-5916 | I119: Current
A120: Skyline Chili | B120: 144 | C120: Tri-County Mall | D120: 7 | E120: 45550 | F120: 47390 | G120: info@email.com | H120: (513) 555-5292 | I120: Current
A121: Shoe Carnival | B121: 145 | C121: Tri-County Mall | D121: 9 | E121: 46280 | F121: 48105 | G121: info@email.com | H121: 511-555-9848 | I121: Current
A122: Best Nails | B122: 146 | C122: Tri-County Mall | D122: 11 | E122: 43282 | F122: 45471 | G122: info@email.com | H122: 511-555-3091 | I122: Past
A123: Lemonade Stand | B123: 147 | C123: Tri-County Mall | D123: 12 | E123: 43831 | F123: 45654 | G123: info@email.com | H123: 511-555-3628 | I123: Past
A124: Calming Waters Aquamation and Memorials | B124: 148 | C124: Corporate Business Park | D124: Suite #1 | E124: 44958 | F124: 46050 | G124: info@email.com | I124: Past
A125: Cooper and Long Law Firm | B125: 149 | C125: Corporate Business Park | D125: Suite #2 | E125: 44866 | F125: 46688 | G125: info@email.com | I125: Current
A126: Oopsy & Daisy Insurance | B126: 150 | C126: Corporate Business Park | D126: Suite #3 | E126: 46143 | F126: 46871 | G126: info@email.com | I126: Current
A127: Bubbles and Barks Pet Groomers | B127: 151 | C127: Corporate Business Park | D127: Suite #4 | E127: 46050 | F127: 47876 | G127: info@email.com | I127: Current
A128: Chiclets Family Dentistry | B128: 152 | C128: Corporate Business Park | D128: Suite #5 | E128: 44501 | F128: 46323 | G128: info@email.com | I128: Current
A129: Buzz Coffee | B129: 153 | C129: Corporate Business Park | D129: Suite #6 | E129: 45292 | F129: 47115 | G129: info@email.com | I129: Current
A130: Smooth Smoothies | B130: 154 | C130: Corporate Business Park | D130: Suite #7 | E130: 45352 | F130: 47177 | G130: info@email.com | I130: Current
A131: Trainer Moe's | B131: 155 | C131: Corporate Business Park | D131: Suite #8 | E131: 44197 | F131: 46019 | G131: info@email.com | I131: Past
A132: Yoga With Goats | B132: 156 | C132: Corporate Business Park | D132: Suite #9 | E132: 44682 | F132: 46505 | G132: info@email.com | I132: Current
A133: Just the Top Muffins | B133: 157 | C133: Corporate Business Park | D133: Suite #10 | E133: 43497 | F133: 45319 | G133: info@email.com | I133: Past
A134: Jane Brandekamp | B134: 158 | C134: 1127 Blackwell | D134: 1127B | E134: 45337 | F134: 45702 | G134: jbrandekamp@email.com | H134: (513) 555-9787 | I134: Past
A135: Jessica Winters | B135: 159 | C135: 1700 Bradford House | D135: 1A | E135: 46082 | F135: 46446 | G135: jessica@email.com | H135: (513) 555-1275 | I135: Current
A136: Amy Rodriguez | B136: 160 | C136: 1700 Bradford House | D136: 1B | E136: 46068 | F136: 46432 | G136: amy@email.com | H136: (504) 555-1276 | I136: Current
A137: Chanel Oberlin | B137: 161 | C137: 1700 Bradford House | D137: 2A | E137: 44866 | F137: 45252 | G137: chanel@email.com | H137: (212) 555-1277 | I137: Past
A138: Allison Beech | B138: 162 | C138: 1700 Bradford House | D138: 2B | E138: 45984 | F138: 46348 | G138: allison@email.com | H138: (614) 555-1278 | I138: Current
A139: Bella Severson | B139: 163 | C139: 1700 Bradford House | D139: 3A | E139: 44986 | F139: 45252 | G139: bella@email.com | H139: (513) 555-1279 | I139: Past
A140: Gretchen Summers | B140: 164 | C140: 1700 Bradford House | D140: 3B | E140: 44881 | F140: 45252 | G140: gretchen@email.com | H140: (369) 555-1280 | I140: Past
A141: Carlie Jansen | B141: 165 | C141: 1700 Bradford House | D141: 4A | E141: 44874 | F141: 45252 | G141: carlie@email.com | H141: (202) 555-1281 | I141: Past
A142: Amanda Zimmer | B142: 166 | C142: 1700 Bradford House | D142: 4B | E142: 44805 | F142: 45252 | G142: amanda@email.com | H142: (614) 555-1282 | I142: Past
A143: Hayleigh Netrini | B143: 167 | C143: 1700 Bradford House | D143: 5A | E143: 44866 | F143: 45252 | G143: hayleigh@email.com | H143: (302) 555-1283 | I143: Past
A144: Alonzo Geroge | B144: 168 | C144: 1700 Bradford House | D144: 5B | E144: 45984 | F144: 46348 | G144: ageorge@email.com | H144: (513) 555-4545 | I144: Current
A145: James Masterson | B145: 169 | C145: Flagstone Manufactured Housing | D145: Lot #103 | E145: 44849 | F145: 45213 | G145: jamesm@email.com | H145: (513) 555-1434 | I145: Past
... A154: Jennifer Constantine | B154: 183 | C154: Golden Gate Housing | D154: 10 | E154: 46023 | F154: 46384 | G154: jennifer@email.com | H154: (645) 555-1294 | I154: Current
A155: Sprint | B155: 184 | C155: Tri-County Mall | D155: 6 | E155: 45624 | F155: 47451 | G155: jsprint@email.com | I155: Current
A156: Graeters | B156: 185 | C156: Tri-County Mall | D156: 8 | E156: 45170 | F156: 46993 | I156: Current
A157: Panera Bread | B157: 186 | C157: Tri-County Mall | D157: 10 | E157: 46204 | F157: 48027 | I157: Current
A158: Janna Wiles | B158: 187 | C158: Golden Gate Housing | D158: 1 | E158: 45505 | F158: 45866 | I158: Past
A159: Jamie Hagstrom | B159: 192 | C159: Clearcreek Condominiums | D159: CC1144 | E159: 46054 | F159: 46415 | G159: jamieh@email.com | H159: 694-555-3467 | I159: Current
A160: Tom Caldwell | B160: 201 | C160: 206 Shafor Street | D160: 206 | E160: 45689 | F160: 46050 | G160: tcaldwell@email.com | H160: (513) 555-8999 | I160: Past
A161: Sam Simmons | B161: 202 | C161: 410-415 Southblock | D161: 410S | G161: ssimmons@email.com | H161: (513) 555-8134 | I161: Past
A162: Ken Coleridge | B162: 203 | C162: 410-415 Southblock | D162: 410S | E162: 46113 | F162: 46478 | G162: kcool@email.com | H162: (513) 555-1999 | I162: Current
A163: Pam Reynolds | B163: 204 | C163: 410-415 Southblock | D163: 410S | G163: preynolds@email.com | H163: (513) 555-1924 | I163: Past
...
